id;employee_id;unit_id;employee_name;business_proposal;sub_proposal;mobile_no;relation_id;account_no;account_title;no_of_visits;os_amount;os_profit;od_days;loan_officer;visited_by;ppt_date;remakrs;extra_column_one;extra_column_two;extra_column_three;extra_column_four;extra_column_five
1;Identity;Summit;Handmade;Product;Ecuador Technician;bluetooth exploit;solutions compressing;Investment Account;withdrawal;31768;54559;7719;overriding frictionless;olive;Rustic Director;2020-12-30;North Dakota;input pixel;Points Dynamic homogeneous;SMS bandwidth;Garden Associate Concrete;lime
2;deposit Suriname Tasty Rubber Bacon;bandwidth;success Cuban Peso Peso Convertible strategy;copying;sexy client-server;hacking Solutions Research;parsing;cross-platform;Virgin Islands, U.S. silver;18641;69098;37981;logistical;Direct Tasty protocol;Metical Mauritius Rupee Pants;2020-12-30;connecting;plum European Monetary Unit (E.M.U.-6);solutions Granite Persistent;Diverse;channels;Assurance
3;Shoes;cyan Comoro Franc Shoes;Metrics tan;Tasty Cotton Falls;Cambridgeshire Tasty;program Markets;Rwanda Franc;cross-platform;override;17920;94356;23202;backing up online;e-tailers;overriding Sports Fish;2020-12-31;granular Buckinghamshire;middleware aggregate sky blue;Montana solid state application;e-enable Steel;local Slovenia;Security
4;Fiji Generic Plastic Table moderator;Tasty Granite Gloves Central generate;Creative fault-tolerant innovate;Sports Gorgeous Rubber Sausages California;Unbranded Gambia unleash;Steel synergies;Credit Card Account;motivating;connecting bypass Uganda Shilling;47946;24147;15276;bypass Auto Loan Account distributed;protocol;Multi-channelled;2020-12-30;hard drive;Cheese;Movies Licensed Cotton Keyboard;Handmade Steel Bacon Crescent;Rustic;Niger
5;protocol Group;Sleek invoice;Configurable Baby;Factors withdrawal;Cotton;Cross-platform Data Fantastic Steel Sausages;mobile Central e-markets;contextually-based Dynamic;Hat;33619;59941;1572;encompassing parsing Keyboard;Jewelery Triple-buffered;bluetooth;2020-12-30;withdrawal;throughput Producer Bacon;withdrawal;Pa'anga Burundi Afghani;quantifying parsing quantifying;Belarussian Ruble override
6;payment;optimize;Avon;Sleek Soft Chips;Dynamic;Rwanda Rustic;USB innovate artificial intelligence;Alaska;Handmade Rubber Sausages Investment Account matrix;90014;94038;65905;Adaptive Frozen;Cedi;deposit connect;2020-12-30;Fantastic Plastic Computer Turnpike incentivize;Costa Rican Colon Proactive Health;leading edge circuit grey;Assistant Radial black;moderator haptic;Phased 24/7
7;Shirt solid state Central;HTTP Orchestrator Rhode Island;Ergonomic Fresh Car Illinois New Hampshire;rich;Shoals Plastic Internal;uniform;dynamic;optical;protocol Investor;8193;75891;68896;Berkshire drive Islands;Nevada Baby Books;CFP Franc Automotive;2020-12-31;Cambridgeshire Personal Loan Account Games;solutions;North Carolina bandwidth;JBOD maximize Vanuatu;Fort Sleek copying;Credit Card Account neural
8;Strategist haptic;drive Center;Personal Loan Account copying;engage Computers;GB;Plastic Assurance invoice;global Home Loan Account;wireless Cheese;Assistant Tuna Borders;2374;14456;47878;Shoes users;Nevada optical Research;Handmade Concrete Keyboard deliverables;2020-12-31;Alabama;Group e-commerce;Chair Alabama Texas;withdrawal Berkshire Outdoors;Visionary;Producer Gorgeous Granite Bike
9;Metal Cambridgeshire;Devolved Handcrafted Fresh Shirt Squares;Poland asynchronous Investor;Junctions Branding TCP;Investor overriding Bacon;Ergonomic scalable;Secured;synthesizing XSS;Tasty;84941;14406;6296;Toys Checking Account back-end;Forward card;Alabama uniform National;2020-12-31;niches;Somoni maroon;viral optimal relationships;real-time Handmade;experiences;back-end conglomeration
10;indexing e-tailers;Fantastic Wooden Pizza Soft Quality;Savings Account hacking;frictionless Health generating;Books Automotive SSL;5th generation;wireless niches;California Managed Kwacha;Dynamic definition;48730;8445;95636;redundant Clothing Grocery;Steel;Metal;2020-12-30;hub;Belize JBOD array;Corporate seize;Industrial;Hawaii transmitting;Avon Palau
